{
 "mean": [
  3.8307338678832883,
  1.3455823418447785,
  6.588562276128542
 ],
 "scale": [
  1.3401066638714403,
  0.6830249359732609,
  1.258292861571971
 ],
 "centers": [
  [
   -1.2421823156541878,
   1.6650080493455484,
   1.4082973900677336
  ],
  [
   0.8821714379383531,
   -0.7785780740372461,
   -0.7976583062434498
  ],
  [
   -0.8608671487561009,
   -0.3515269086252504,
   -0.383144430933867
  ],
  [
   0.14769023250379953,
   0.31878575718862756,
   0.5245933449576725
  ]
 ]
}